{
    "accuracy": 0.7566287878787878,
    "macro f1": 0.5551105655027224,
    "macro precision": 0.5709473666009615,
    "macro recall": 0.5906286329196546,
    "loss": 0.7970751590198941
}