{
    "accuracy": 0.7563131313131313,
    "macro f1": 0.5393647655227313,
    "macro precision": 0.5612038548953753,
    "macro recall": 0.5471827360423851,
    "loss": 0.9709522724151611
}