{
    "accuracy": 0.7443181818181819,
    "macro f1": 0.5326991138373252,
    "macro precision": 0.5546393911099794,
    "macro recall": 0.5487259459189285,
    "loss": 1.1274852752685547
}