{
    "accuracy": 0.7547348484848485,
    "macro f1": 0.5036677592559946,
    "macro precision": 0.4989923747276688,
    "macro recall": 0.5361716928486794,
    "loss": 0.7122185760074191
}