{
    "accuracy": 0.5795454545454546,
    "macro f1": 0.46038319704986364,
    "macro precision": 0.473442401220179,
    "macro recall": 0.48026502811598015,
    "loss": 0.9731571409437392
}