{
    "accuracy": 0.5432449494949494,
    "macro f1": 0.3881668065205605,
    "macro precision": 0.38631870117283884,
    "macro recall": 0.4098030317908124,
    "loss": 1.0741377737787035
}