{
    "accuracy": 0.8910984848484849,
    "macro f1": 0.7975403555652792,
    "macro precision": 0.8371621746266531,
    "macro recall": 0.8093487117641707,
    "loss": 0.474423391951455
}