{
    "accuracy": 0.8756313131313131,
    "macro f1": 0.7953182262133404,
    "macro precision": 0.7949250186995285,
    "macro recall": 0.8132255291675582,
    "loss": 0.6524519208404753
}