{
    "accuracy": 0.8667929292929293,
    "macro f1": 0.7721466474017264,
    "macro precision": 0.7838156366751138,
    "macro recall": 0.7874520563530225,
    "loss": 0.5253143856922785
}