{
    "accuracy": 0.7443181818181819,
    "macro f1": 0.5617189233481803,
    "macro precision": 0.5798939705836851,
    "macro recall": 0.5773809166791624,
    "loss": 1.3549541301197476
}