{
    "accuracy": 0.7992424242424243,
    "macro f1": 0.699314503568313,
    "macro precision": 0.7112761654422711,
    "macro recall": 0.7099916209215725,
    "loss": 0.48270663619041443
}