{
    "accuracy": 0.7991071428571428,
    "loss": 0.1868678597784157
}