{
    "accuracy": 0.8756313131313131,
    "macro f1": 0.7646145946367977,
    "macro precision": 0.7942141101454827,
    "macro recall": 0.76515653562755,
    "loss": 0.4469263106584549
}