{
    "accuracy": 0.8617424242424243,
    "macro f1": 0.75268355202207,
    "macro precision": 0.7971095653107588,
    "macro recall": 0.7444901984757056,
    "loss": 0.40996333460013074
}