{
    "accuracy": 0.8598484848484849,
    "macro f1": 0.7772877024139663,
    "macro precision": 0.7792302575369311,
    "macro recall": 0.7999906829616975,
    "loss": 0.5752933720747629
}