{
    "accuracy": 0.8718434343434344,
    "macro f1": 0.7564347364785962,
    "macro precision": 0.8010118814857377,
    "macro recall": 0.750286529090877,
    "loss": 0.5102347946829267
}