{
    "accuracy": 0.7630208333333333,
    "macro f1": 0.5093278347794988,
    "macro precision": 0.5134088144827309,
    "macro recall": 0.5227738142705247,
    "loss": 0.23603081451481986
}