{
    "accuracy": 0.7877604166666667,
    "macro f1": 0.49627094307828884,
    "macro precision": 0.49006997495968085,
    "macro recall": 0.5142343073593074,
    "loss": 0.2322352309372489
}