{
    "accuracy": 0.6837121212121212,
    "macro f1": 0.3836190577741355,
    "macro precision": 0.4108008393268111,
    "macro recall": 0.43564571150097464,
    "loss": 0.9228879080878364
}