{
    "accuracy": 0.8411458333333333,
    "loss": 0.19580718085350246
}