{
    "accuracy": 0.828125,
    "loss": 0.19814334233743436
}