{
    "accuracy": 0.7877604166666667,
    "loss": 0.20603145354948355
}