{
    "accuracy": 0.6627604166666666,
    "loss": 0.38524030228987943
}