{
    "accuracy": 0.7513020833333333,
    "loss": 0.33189357151661103
}