{
    "accuracy": 0.69760101010101,
    "macro f1": 0.4814975358365577,
    "macro precision": 0.5217931209960196,
    "macro recall": 0.5137133865892036,
    "loss": 0.8263846039772034
}