{
    "accuracy": 0.7443181818181819,
    "macro f1": 0.5146673502289444,
    "macro precision": 0.5451017038994335,
    "macro recall": 0.5284389213775179,
    "loss": 1.3589302036497328
}