{
    "accuracy": 0.8232954545454545,
    "loss": 0.6052048623561859
}