{
    "accuracy": 0.5226190476190476,
    "loss": 1.2656375067574637
}