{
    "accuracy": 0.5088383838383838,
    "loss": 1.3548922273847792
}