{
    "accuracy": 0.5505050505050505,
    "loss": 1.2263891696929932
}