{
    "accuracy": 0.37215909090909094,
    "loss": 1.432056771384345
}