{
    "accuracy": 0.5178571428571429,
    "loss": 1.2584974459239415
}