{
    "accuracy": 0.8355429292929293,
    "macro f1": 0.7258484048312766,
    "macro precision": 0.8019964787852645,
    "macro recall": 0.7184926698815588,
    "loss": 0.9180506947967741
}