{
    "accuracy": 0.8150252525252525,
    "macro f1": 0.716493498715721,
    "macro precision": 0.7693562610229276,
    "macro recall": 0.7139204930871599,
    "loss": 0.6328662816021178
}