{
    "accuracy": 0.8197544642857143,
    "loss": 0.18632889081334159
}