{
    "accuracy": 0.83203125,
    "loss": 0.18590740954681845
}