{
    "accuracy": 0.8147321428571428,
    "loss": 0.1874527147070576
}