{
    "accuracy": 0.7916666666666667,
    "macro f1": 0.5093211597815757,
    "macro precision": 0.5295596469813222,
    "macro recall": 0.5245882936507936,
    "loss": 0.22697415294272844
}