{
    "accuracy": 0.7291666666666667,
    "macro f1": 0.4476540446925509,
    "macro precision": 0.46209686147186146,
    "macro recall": 0.44918430071390597,
    "loss": 0.3141799059193547
}