{
    "accuracy": 0.6197916666666666,
    "macro f1": 0.44791303794402126,
    "macro precision": 0.45673193993506495,
    "macro recall": 0.48655293354306506,
    "loss": 0.4004280754401176
}