{
    "accuracy": 0.7877604166666667,
    "macro f1": 0.5658643412437072,
    "macro precision": 0.5747243701108833,
    "macro recall": 0.5927579839750894,
    "loss": 0.22729311676272018
}