{
    "accuracy": 0.7942708333333333,
    "macro f1": 0.5196537472595776,
    "macro precision": 0.5207658706425153,
    "macro recall": 0.5443186802232856,
    "loss": 0.22072550285801612
}