{
    "accuracy": 0.8072916666666667,
    "macro f1": 0.5741195561518473,
    "macro precision": 0.6008752171622238,
    "macro recall": 0.5691337481962482,
    "loss": 0.1863833023853081
}