{
    "accuracy": 0.8151041666666667,
    "macro f1": 0.5376113400505291,
    "macro precision": 0.540889240967366,
    "macro recall": 0.5525811688311688,
    "loss": 0.17972756279723257
}